{"cameraMode":{"drawMode":0,"name":"Shaded","section":"Shading Mode"},"sceneLighting":false,"audioPlay":false,"sceneViewState":{"showFog":true,"showMaterialUpdate":false,"showSkybox":false,"showFlares":true,"showImageEffects":true,"showParticleSystems":true},"in2DMode":false,"pivot":{"x":378.8802795410156,"y":352.52996826171877,"z":25.80438232421875},"rotation":{"x":0.0681229904294014,"y":-0.12180972844362259,"z":-0.008380191400647164,"w":-0.9901799559593201},"size":257.2713623046875,"orthographic":false}